﻿fileName,img,category,type,seenUnseen,resp,TaskBlocks.thisRepN,TaskBlocks.thisTrialN,TaskBlocks.thisN,TaskBlocks.thisIndex,LearningTask.thisRepN,LearningTask.thisTrialN,LearningTask.thisN,LearningTask.thisIndex,rep_sc.thisRepN,rep_sc.thisTrialN,rep_sc.thisN,rep_sc.thisIndex,rep_si.thisRepN,rep_si.thisTrialN,rep_si.thisN,rep_si.thisIndex,rep_shc.thisRepN,rep_shc.thisTrialN,rep_shc.thisN,rep_shc.thisIndex,rep_shi.thisRepN,rep_shi.thisTrialN,rep_shi.thisN,rep_shi.thisIndex,nf_trials.thisRepN,nf_trials.thisTrialN,nf_trials.thisN,nf_trials.thisIndex,Mem_Loop.thisRepN,Mem_Loop.thisTrialN,Mem_Loop.thisN,Mem_Loop.thisIndex,end_instr.keys,end_instr.rt,end_instr.started,end_instr.stopped,resp.keys,resp.corr,resp.started,resp.stopped,key_pleaseResp.keys,key_pleaseResp.rt,key_pleaseResp.started,key_pleaseResp.stopped,resp.rt,Break_break.keys,Break_break.rt,Break_break.started,Break_break.stopped,pt2_instr.started,pt2_instr.stopped,key_resp.keys,key_resp.rt,key_resp.started,key_resp.stopped,key_resp_2.keys,key_resp_2.corr,key_resp_2.started,key_resp_2.stopped,pls_resp.keys,pls_resp.rt,pls_resp.started,pls_resp.stopped,key_resp_2.rt,key_resp_3.keys,key_resp_3.rt,key_resp_3.started,key_resp_3.stopped,oldNew.keys,oldNew.corr,oldNew.rt,oldNew.started,oldNew.stopped,plsResp.keys,plsResp.started,plsResp.stopped,plsResp.rt,instr_strat.started,instr_strat.stopped,text.started,text.stopped,typedWord,done.started,done.stopped,key_resp_4.keys,key_resp_4.rt,key_resp_4.started,key_resp_4.stopped,participant,date,expName,psychopyVersion,frameRate,
,,,,,,,,,,,,,,,,,,,,,,,,,,,,,,,,,,,,,,right,2.573745248002524,16.907308074994944,None,,,,,,,,,,,,,,,,,,,,,,,,,,,,,,,,,,,,,,,,,,,,,,,,,,,,,,2020_Jan_21_0828,gardener_lite,3.1.2,59.761640578248304,
Params_Lite/blockOne.csv,Images/flowers_1119.png,left,Prototype,,,0,0,0,0,0,0,0,0,,,,,,,,,,,,,,,,,,,,,,,,,,,,,None,0,20.048350313998526,23.023273532999156,space,1.3631469199972344,23.039874638001493,None,,,,,,,,,,,,,,,,,,,,,,,,,,,,,,,,,,,,,,,,,,,,,,2020_Jan_21_0828,gardener_lite,3.1.2,59.761640578248304,
Params_Lite/blockOne.csv,Images/flowers_9999.png,right,Prototype,,,0,0,0,0,0,1,1,1,,,,,,,,,,,,,,,,,,,,,,,,,,,,,right,1,24.945189735000895,None,None,,None,None,0.5387539000003017,,,,,,,,,,,,,,,,,,,,,,,,,,,,,,,,,,,,,,,,,,,,,2020_Jan_21_0828,gardener_lite,3.1.2,59.761640578248304,
Params_Lite/blockTwo.csv,Images/flowers_9999.png,right,Prototype,,,0,1,1,1,0,0,0,0,,,,,,,,,,,,,,,,,,,,,,,,,,,,,right,1,28.989512752996234,None,None,,None,None,0.8040312570010428,space,0.9067079000014928,27.53688595999847,None,,,,,,,,,,,,,,,,,,,,,,,,,,,,,,,,,,,,,,,,,2020_Jan_21_0828,gardener_lite,3.1.2,59.761640578248304,
Params_Lite/blockTwo.csv,Images/flowers_1199.png,right,Exception,,,0,1,1,1,0,1,1,1,,,,,,,,,,,,,,,,,,,,,,,,,,,,,None,0,32.34765626299486,35.32270619300107,space,0.9358182049982133,35.33945539299748,None,,,,,,,,,,,,,,,,,,,,,,,,,,,,,,,,,,,,,,,,,,,,,,2020_Jan_21_0828,gardener_lite,3.1.2,59.761640578248304,
Params_Lite/blockThree.csv,Images/flowers_1199.png,right,Exception,,,0,2,2,2,0,0,0,0,,,,,,,,,,,,,,,,,,,,,,,,,,,,,left,0,38.49797756299813,None,None,,None,None,0.6255716880041291,space,1.6214027559981332,36.32739118099562,None,,,,,,,,,,,,,,,,,,,,,,,,,,,,,,,,,,,,,,,,,2020_Jan_21_0828,gardener_lite,3.1.2,59.761640578248304,
Params_Lite/blockThree.csv,Images/flowers_9991.png,right,Prototype,,,0,2,2,2,0,1,1,1,,,,,,,,,,,,,,,,,,,,,,,,,,,,,right,1,41.67317031999846,None,None,,None,None,0.3383809399965685,,,,,,,,,,,,,,,,,,,,,,,,,,,,,,,,,,,,,,,,,,,,,2020_Jan_21_0828,gardener_lite,3.1.2,59.761640578248304,
,,,,,,,,,,,,,,,,,,,,,,,,,,,,,,,,,,,,,,,,,,,,,,,,,,,space,0.8937477180006681,44.0615148700017,None,44.99772798900085,None,right,2.561621043001651,44.99772798900085,None,,,,,,,,,,,,,,,,,,,,,,,,,,,,,,,,,,,2020_Jan_21_0828,gardener_lite,3.1.2,59.761640578248304,
,Images/flowers_9999.png,right,Prototype,,,,,,,,,,,,,,,,,,,,,,,,,,,0,0,0,0,,,,,,,,,,,,,,,,,,,,,,,,,,,,None,0,48.10660581800039,51.08148868999706,space,1.0942439150021528,51.09799530499731,None,,,,,,,,,,,,,,,,,,,,,,,,,,,2020_Jan_21_0828,gardener_lite,3.1.2,59.761640578248304,
,Images/flowers_1991.png,left,Exception,,,,,,,,,,,,,,,,,,,,,,,,,,,0,1,1,1,,,,,,,,,,,,,,,,,,,,,,,,,,,,right,0,52.73604994299967,None,None,,None,None,0.3043487500035553,,,,,,,,,,,,,,,,,,,,,,,,,,2020_Jan_21_0828,gardener_lite,3.1.2,59.761640578248304,
,,,,,,,,,,,,,,,,,,,,,,,,,,,,,,,,,,,,,,,,,,,,,,,,,,,,,,,,,,,,,,,,,,,,,,right,3.1135598969995044,53.08656076600164,None,,,,,,,,,,,,,,,,,,,,,,2020_Jan_21_0828,gardener_lite,3.1.2,59.761640578248304,
,Images/flowers_9991.png,,Prototype,Seen,left,,,,,,,,,,,,,,,,,,,,,,,,,,,,,0,0,0,0,,,,,,,,,,,,,,,,,,,,,,,,,,,,,,,,,,,,,left,1,0.7012771230001817,56.74675804499566,None,None,None,None,,,,,,,,,,,,,,2020_Jan_21_0828,gardener_lite,3.1.2,59.761640578248304,
,Images/flowers_9199.png,,None,Unseen,right,,,,,,,,,,,,,,,,,,,,,,,,,,,,,0,1,1,1,,,,,,,,,,,,,,,,,,,,,,,,,,,,,,,,,,,,,None,0,,58.00029586299934,60.97485695299838,space,60.991117372999724,None,1.0972542699964833,,,,,,,,,,,,,2020_Jan_21_0828,gardener_lite,3.1.2,59.761640578248304,
,,,,,,,,,,,,,,,,,,,,,,,,,,,,,,,,,,,,,,,,,,,,,,,,,,,,,,,,,,,,,,,,,,,,,,,,,,,,,,,,,,,62.12814015500044,None,62.12814015500044,None,Response: This is what I did,69.295935189999,None,space,1.4276578450007946,69.295935189999,None,,2020_Jan_21_0828,gardener_lite,3.1.2,59.761640578248304,
