﻿fileName,img,category,type,seenUnseen,resp,TaskBlocks.thisRepN,TaskBlocks.thisTrialN,TaskBlocks.thisN,TaskBlocks.thisIndex,LearningTask.thisRepN,LearningTask.thisTrialN,LearningTask.thisN,LearningTask.thisIndex,rep_sc.thisRepN,rep_sc.thisTrialN,rep_sc.thisN,rep_sc.thisIndex,rep_si.thisRepN,rep_si.thisTrialN,rep_si.thisN,rep_si.thisIndex,rep_shc.thisRepN,rep_shc.thisTrialN,rep_shc.thisN,rep_shc.thisIndex,rep_shi.thisRepN,rep_shi.thisTrialN,rep_shi.thisN,rep_shi.thisIndex,nf_trials.thisRepN,nf_trials.thisTrialN,nf_trials.thisN,nf_trials.thisIndex,Mem_Loop.thisRepN,Mem_Loop.thisTrialN,Mem_Loop.thisN,Mem_Loop.thisIndex,end_instr.keys,end_instr.rt,end_instr.started,end_instr.stopped,resp.keys,resp.corr,resp.rt,resp.started,resp.stopped,key_pleaseResp.keys,key_pleaseResp.started,key_pleaseResp.stopped,key_pleaseResp.rt,Break_break.keys,Break_break.rt,Break_break.started,Break_break.stopped,pt2_instr.started,pt2_instr.stopped,key_resp.keys,key_resp.rt,key_resp.started,key_resp.stopped,key_resp_2.keys,key_resp_2.corr,key_resp_2.rt,key_resp_2.started,key_resp_2.stopped,pls_resp.keys,pls_resp.started,pls_resp.stopped,key_resp_3.keys,key_resp_3.rt,key_resp_3.started,key_resp_3.stopped,oldNew.keys,oldNew.corr,oldNew.rt,oldNew.started,oldNew.stopped,plsResp.keys,plsResp.started,plsResp.stopped,instr_strat.started,instr_strat.stopped,text.started,text.stopped,typedWord,done.started,done.stopped,key_resp_4.keys,key_resp_4.rt,key_resp_4.started,key_resp_4.stopped,participant,date,expName,psychopyVersion,frameRate,
,,,,,,,,,,,,,,,,,,,,,,,,,,,,,,,,,,,,,,right,1.1339023870023084,18.065529189996596,None,,,,,,,,,,,,,,,,,,,,,,,,,,,,,,,,,,,,,,,,,,,,,,,,,,,e,2020_Jan_21_0853,gardener_lite,3.1.2,59.83740203209148,
Params_Lite/blockOne.csv,Images/flowers_1119.png,left,Prototype,,,0,0,0,0,0,0,0,0,,,,,,,,,,,,,,,,,,,,,,,,,,,,,right,0,0.43566591999842785,19.75404465199972,None,None,None,None,,,,,,,,,,,,,,,,,,,,,,,,,,,,,,,,,,,,,,,,,,,e,2020_Jan_21_0853,gardener_lite,3.1.2,59.83740203209148,
Params_Lite/blockOne.csv,Images/flowers_9999.png,right,Prototype,,,0,0,0,0,0,1,1,1,,,,,,,,,,,,,,,,,,,,,,,,,,,,,None,0,,22.7272803809974,25.71906344699528,space,25.73653124199336,None,0.5798930890014162,,,,,,,,,,,,,,,,,,,,,,,,,,,,,,,,,,,,,,,,,,e,2020_Jan_21_0853,gardener_lite,3.1.2,59.83740203209148,
Params_Lite/blockTwo.csv,Images/flowers_9999.png,right,Prototype,,,0,1,1,1,0,0,0,0,,,,,,,,,,,,,,,,,,,,,,,,,,,,,right,1,0.24896561299829045,28.008102319996397,None,None,None,None,,space,1.0913486429999466,26.37080966099893,None,,,,,,,,,,,,,,,,,,,,,,,,,,,,,,,,,,,,,,e,2020_Jan_21_0853,gardener_lite,3.1.2,59.83740203209148,
Params_Lite/blockTwo.csv,Images/flowers_1199.png,right,Exception,,,0,1,1,1,0,1,1,1,,,,,,,,,,,,,,,,,,,,,,,,,,,,,right,1,0.9113072050022311,30.783448211994255,None,None,None,None,,,,,,,,,,,,,,,,,,,,,,,,,,,,,,,,,,,,,,,,,,,e,2020_Jan_21_0853,gardener_lite,3.1.2,59.83740203209148,
Params_Lite/blockThree.csv,Images/flowers_1199.png,right,Exception,,,0,2,2,2,0,0,0,0,,,,,,,,,,,,,,,,,,,,,,,,,,,,,right,1,0.9572486449978896,35.07760249199782,None,None,None,None,,space,0.8025086480047321,33.74027497699717,None,,,,,,,,,,,,,,,,,,,,,,,,,,,,,,,,,,,,,,e,2020_Jan_21_0853,gardener_lite,3.1.2,59.83740203209148,
Params_Lite/blockThree.csv,Images/flowers_9991.png,right,Prototype,,,0,2,2,2,0,1,1,1,,,,,,,,,,,,,,,,,,,,,,,,,,,,,right,1,0.6555081569968024,38.58726553199813,None,None,None,None,,,,,,,,,,,,,,,,,,,,,,,,,,,,,,,,,,,,,,,,,,,e,2020_Jan_21_0853,gardener_lite,3.1.2,59.83740203209148,
,,,,,,,,,,,,,,,,,,,,,,,,,,,,,,,,,,,,,,,,,,,,,,,,,,,space,1.2072261450011865,41.294283129995165,None,42.54977349499677,None,right,0.8584780580058577,42.54977349499677,None,,,,,,,,,,,,,,,,,,,,,,,,,,,,,,,,e,2020_Jan_21_0853,gardener_lite,3.1.2,59.83740203209148,
,Images/flowers_9999.png,right,Prototype,,,,,,,,,,,,,,,,,,,,,,,,,,,0,0,0,0,,,,,,,,,,,,,,,,,,,,,,,,,,,,right,1,0.3119231249947916,43.95125784999982,None,None,None,None,,,,,,,,,,,,,,,,,,,,,,,,e,2020_Jan_21_0853,gardener_lite,3.1.2,59.83740203209148,
,Images/flowers_1991.png,left,Exception,,,,,,,,,,,,,,,,,,,,,,,,,,,0,1,1,1,,,,,,,,,,,,,,,,,,,,,,,,,,,,left,1,1.2907576770012383,44.787595789995976,None,None,None,None,,,,,,,,,,,,,,,,,,,,,,,,e,2020_Jan_21_0853,gardener_lite,3.1.2,59.83740203209148,
,,,,,,,,,,,,,,,,,,,,,,,,,,,,,,,,,,,,,,,,,,,,,,,,,,,,,,,,,,,,,,,,,,,,,right,1.0836425669986056,46.12343746999977,None,,,,,,,,,,,,,,,,,,,,e,2020_Jan_21_0853,gardener_lite,3.1.2,59.83740203209148,
,Images/flowers_9991.png,,Prototype,Seen,left,,,,,,,,,,,,,,,,,,,,,,,,,,,,,0,0,0,0,,,,,,,,,,,,,,,,,,,,,,,,,,,,,,,,,,,,right,0,0.4891503449980519,47.745090379998146,None,None,None,None,,,,,,,,,,,,e,2020_Jan_21_0853,gardener_lite,3.1.2,59.83740203209148,
,Images/flowers_9199.png,,None,Unseen,right,,,,,,,,,,,,,,,,,,,,,,,,,,,,,0,1,1,1,,,,,,,,,,,,,,,,,,,,,,,,,,,,,,,,,,,,left,0,0.3245460979960626,48.78125336199446,None,None,None,None,,,,,,,,,,,,e,2020_Jan_21_0853,gardener_lite,3.1.2,59.83740203209148,
,,,,,,,,,,,,,,,,,,,,,,,,,,,,,,,,,,,,,,,,,,,,,,,,,,,,,,,,,,,,,,,,,,,,,,,,,,,,,,,,,49.148898845000076,None,49.148898845000076,None,Response: Blah,51.87469045999751,None,space,3.290030737000052,51.87469045999751,None,e,2020_Jan_21_0853,gardener_lite,3.1.2,59.83740203209148,
